{"cameraMode":{"drawMode":0,"name":"Shaded","section":"Shading Mode"},"sceneLighting":false,"audioPlay":false,"sceneViewState":{"m_AlwaysRefresh":false,"showFog":true,"showSkybox":false,"showFlares":true,"showImageEffects":true,"showParticleSystems":true,"showVisualEffectGraphs":true,"m_FxEnabled":true},"in2DMode":false,"pivot":{"x":15.008060455322266,"y":-1.8188568353652955,"z":13.10646915435791},"rotation":{"x":0.02458016760647297,"y":-0.03897877037525177,"z":0.0009594900184310973,"w":0.9989402294158936},"size":8.451960563659668,"orthographic":true}